<?xml version="1.0"?>
<measure>
  <schema_version>3.0</schema_version>
  <name>openstudio_results</name>
  <uid>a25386cd-60e4-46bc-8b11-c755f379d916</uid>
  <version_id>6b37673b-b0d8-4ab4-8f5a-0a48f170b4e8</version_id>
  <version_modified>20221115T224202Z</version_modified>
  <xml_checksum>557BF06F</xml_checksum>
  <class_name>OpenStudioResults</class_name>
  <display_name>OpenStudio Results</display_name>
  <description>This measure creates high level tables and charts pulling both from model inputs and EnergyPlus results. It has building level information as well as detail on space types, thermal zones, HVAC systems, envelope characteristics, and economics. Click the heading above a chart to view a table of the chart data.</description>
  <modeler_description>For the most part consumption data comes from the tabular EnergyPlus results, however there are a few requests added for time series results. Space type and loop details come from the OpenStudio model. The code for this is modular, making it easy to use as a template for your own custom reports. The structure of the report uses bootstrap, and the graphs use dimple js. The new measure warning section will show warnings generated by upstream measures. It will not show forward translation warnings, EnergyPlus warnings, or warnings that might be reported by this measure.</modeler_description>
  <arguments>
    <argument>
      <name>units</name>
      <display_name>Which Unit System do you want to use?</display_name>
      <type>Choice</type>
      <required>true</required>
      <model_dependent>false</model_dependent>
      <default_value>IP</default_value>
      <choices>
        <choice>
          <value>IP</value>
          <display_name>IP</display_name>
        </choice>
        <choice>
          <value>SI</value>
          <display_name>SI</display_name>
        </choice>
      </choices>
    </argument>
    <argument>
      <name>building_summary_section</name>
      <display_name>Model Summary</display_name>
      <type>Boolean</type>
      <required>true</required>
      <model_dependent>false</model_dependent>
      <default_value>true</default_value>
      <choices>
        <choice>
          <value>true</value>
          <display_name>true</display_name>
        </choice>
        <choice>
          <value>false</value>
          <display_name>false</display_name>
        </choice>
      </choices>
    </argument>
    <argument>
      <name>annual_overview_section</name>
      <display_name>Annual Overview</display_name>
      <type>Boolean</type>
      <required>true</required>
      <model_dependent>false</model_dependent>
      <default_value>true</default_value>
      <choices>
        <choice>
          <value>true</value>
          <display_name>true</display_name>
        </choice>
        <choice>
          <value>false</value>
          <display_name>false</display_name>
        </choice>
      </choices>
    </argument>
    <argument>
      <name>monthly_overview_section</name>
      <display_name>Monthly Overview</display_name>
      <type>Boolean</type>
      <required>true</required>
      <model_dependent>false</model_dependent>
      <default_value>true</default_value>
      <choices>
        <choice>
          <value>true</value>
          <display_name>true</display_name>
        </choice>
        <choice>
          <value>false</value>
          <display_name>false</display_name>
        </choice>
      </choices>
    </argument>
    <argument>
      <name>utility_bills_rates_section</name>
      <display_name>Utility Bills/Rates</display_name>
      <type>Boolean</type>
      <required>true</required>
      <model_dependent>false</model_dependent>
      <default_value>true</default_value>
      <choices>
        <choice>
          <value>true</value>
          <display_name>true</display_name>
        </choice>
        <choice>
          <value>false</value>
          <display_name>false</display_name>
        </choice>
      </choices>
    </argument>
    <argument>
      <name>envelope_section_section</name>
      <display_name>Envelope Summary</display_name>
      <type>Boolean</type>
      <required>true</required>
      <model_dependent>false</model_dependent>
      <default_value>true</default_value>
      <choices>
        <choice>
          <value>true</value>
          <display_name>true</display_name>
        </choice>
        <choice>
          <value>false</value>
          <display_name>false</display_name>
        </choice>
      </choices>
    </argument>
    <argument>
      <name>space_type_breakdown_section</name>
      <display_name>Space Type Breakdown</display_name>
      <type>Boolean</type>
      <required>true</required>
      <model_dependent>false</model_dependent>
      <default_value>true</default_value>
      <choices>
        <choice>
          <value>true</value>
          <display_name>true</display_name>
        </choice>
        <choice>
          <value>false</value>
          <display_name>false</display_name>
        </choice>
      </choices>
    </argument>
    <argument>
      <name>space_type_details_section</name>
      <display_name>Space Type Summary</display_name>
      <type>Boolean</type>
      <required>true</required>
      <model_dependent>false</model_dependent>
      <default_value>true</default_value>
      <choices>
        <choice>
          <value>true</value>
          <display_name>true</display_name>
        </choice>
        <choice>
          <value>false</value>
          <display_name>false</display_name>
        </choice>
      </choices>
    </argument>
    <argument>
      <name>interior_lighting_section</name>
      <display_name>Interior Lighting Summary</display_name>
      <type>Boolean</type>
      <required>true</required>
      <model_dependent>false</model_dependent>
      <default_value>true</default_value>
      <choices>
        <choice>
          <value>true</value>
          <display_name>true</display_name>
        </choice>
        <choice>
          <value>false</value>
          <display_name>false</display_name>
        </choice>
      </choices>
    </argument>
    <argument>
      <name>plug_loads_section</name>
      <display_name>Plug Loads Summary</display_name>
      <type>Boolean</type>
      <required>true</required>
      <model_dependent>false</model_dependent>
      <default_value>true</default_value>
      <choices>
        <choice>
          <value>true</value>
          <display_name>true</display_name>
        </choice>
        <choice>
          <value>false</value>
          <display_name>false</display_name>
        </choice>
      </choices>
    </argument>
    <argument>
      <name>exterior_light_section</name>
      <display_name>Exterior Lighting</display_name>
      <type>Boolean</type>
      <required>true</required>
      <model_dependent>false</model_dependent>
      <default_value>true</default_value>
      <choices>
        <choice>
          <value>true</value>
          <display_name>true</display_name>
        </choice>
        <choice>
          <value>false</value>
          <display_name>false</display_name>
        </choice>
      </choices>
    </argument>
    <argument>
      <name>water_use_section</name>
      <display_name>Water Use Equipment</display_name>
      <type>Boolean</type>
      <required>true</required>
      <model_dependent>false</model_dependent>
      <default_value>true</default_value>
      <choices>
        <choice>
          <value>true</value>
          <display_name>true</display_name>
        </choice>
        <choice>
          <value>false</value>
          <display_name>false</display_name>
        </choice>
      </choices>
    </argument>
    <argument>
      <name>hvac_load_profile</name>
      <display_name>HVAC Load Profiles</display_name>
      <type>Boolean</type>
      <required>true</required>
      <model_dependent>false</model_dependent>
      <default_value>true</default_value>
      <choices>
        <choice>
          <value>true</value>
          <display_name>true</display_name>
        </choice>
        <choice>
          <value>false</value>
          <display_name>false</display_name>
        </choice>
      </choices>
    </argument>
    <argument>
      <name>zone_condition_section</name>
      <display_name>Zone Conditions</display_name>
      <type>Boolean</type>
      <required>true</required>
      <model_dependent>false</model_dependent>
      <default_value>true</default_value>
      <choices>
        <choice>
          <value>true</value>
          <display_name>true</display_name>
        </choice>
        <choice>
          <value>false</value>
          <display_name>false</display_name>
        </choice>
      </choices>
    </argument>
    <argument>
      <name>zone_summary_section</name>
      <display_name>Zone Overview</display_name>
      <type>Boolean</type>
      <required>true</required>
      <model_dependent>false</model_dependent>
      <default_value>true</default_value>
      <choices>
        <choice>
          <value>true</value>
          <display_name>true</display_name>
        </choice>
        <choice>
          <value>false</value>
          <display_name>false</display_name>
        </choice>
      </choices>
    </argument>
    <argument>
      <name>zone_equipment_detail_section</name>
      <display_name>Zone Equipment Detail</display_name>
      <type>Boolean</type>
      <required>true</required>
      <model_dependent>false</model_dependent>
      <default_value>true</default_value>
      <choices>
        <choice>
          <value>true</value>
          <display_name>true</display_name>
        </choice>
        <choice>
          <value>false</value>
          <display_name>false</display_name>
        </choice>
      </choices>
    </argument>
    <argument>
      <name>air_loops_detail_section</name>
      <display_name>Air Loops Detail</display_name>
      <type>Boolean</type>
      <required>true</required>
      <model_dependent>false</model_dependent>
      <default_value>true</default_value>
      <choices>
        <choice>
          <value>true</value>
          <display_name>true</display_name>
        </choice>
        <choice>
          <value>false</value>
          <display_name>false</display_name>
        </choice>
      </choices>
    </argument>
    <argument>
      <name>plant_loops_detail_section</name>
      <display_name>Plant Loops Detail</display_name>
      <type>Boolean</type>
      <required>true</required>
      <model_dependent>false</model_dependent>
      <default_value>true</default_value>
      <choices>
        <choice>
          <value>true</value>
          <display_name>true</display_name>
        </choice>
        <choice>
          <value>false</value>
          <display_name>false</display_name>
        </choice>
      </choices>
    </argument>
    <argument>
      <name>outdoor_air_section</name>
      <display_name>Outdoor Air</display_name>
      <type>Boolean</type>
      <required>true</required>
      <model_dependent>false</model_dependent>
      <default_value>true</default_value>
      <choices>
        <choice>
          <value>true</value>
          <display_name>true</display_name>
        </choice>
        <choice>
          <value>false</value>
          <display_name>false</display_name>
        </choice>
      </choices>
    </argument>
    <argument>
      <name>cost_summary_section</name>
      <display_name>Cash Flow</display_name>
      <type>Boolean</type>
      <required>true</required>
      <model_dependent>false</model_dependent>
      <default_value>true</default_value>
      <choices>
        <choice>
          <value>true</value>
          <display_name>true</display_name>
        </choice>
        <choice>
          <value>false</value>
          <display_name>false</display_name>
        </choice>
      </choices>
    </argument>
    <argument>
      <name>source_energy_section</name>
      <display_name>Site and Source Summary</display_name>
      <type>Boolean</type>
      <required>true</required>
      <model_dependent>false</model_dependent>
      <default_value>true</default_value>
      <choices>
        <choice>
          <value>true</value>
          <display_name>true</display_name>
        </choice>
        <choice>
          <value>false</value>
          <display_name>false</display_name>
        </choice>
      </choices>
    </argument>
    <argument>
      <name>schedules_overview_section</name>
      <display_name>Schedule Overview</display_name>
      <type>Boolean</type>
      <required>true</required>
      <model_dependent>false</model_dependent>
      <default_value>true</default_value>
      <choices>
        <choice>
          <value>true</value>
          <display_name>true</display_name>
        </choice>
        <choice>
          <value>false</value>
          <display_name>false</display_name>
        </choice>
      </choices>
    </argument>
    <argument>
      <name>measure_warning_section</name>
      <display_name>Measure Warnings</display_name>
      <type>Boolean</type>
      <required>true</required>
      <model_dependent>false</model_dependent>
      <default_value>true</default_value>
      <choices>
        <choice>
          <value>true</value>
          <display_name>true</display_name>
        </choice>
        <choice>
          <value>false</value>
          <display_name>false</display_name>
        </choice>
      </choices>
    </argument>
    <argument>
      <name>reg_monthly_details</name>
      <display_name>Report monthly fuel and enduse breakdown to registerValue</display_name>
      <description>This argument does not effect HTML file, instead it makes data from individal cells of monthly tables avaiable for machine readable values in the resulting OpenStudio Workflow file.</description>
      <type>Boolean</type>
      <required>true</required>
      <model_dependent>false</model_dependent>
      <default_value>false</default_value>
      <choices>
        <choice>
          <value>true</value>
          <display_name>true</display_name>
        </choice>
        <choice>
          <value>false</value>
          <display_name>false</display_name>
        </choice>
      </choices>
    </argument>
  </arguments>
  <outputs>
    <output>
      <name>electricity_ip</name>
      <display_name>electricity_ip</display_name>
      <short_name>electricity_ip</short_name>
      <type>Double</type>
      <model_dependent>false</model_dependent>
    </output>
    <output>
      <name>natural_gas_ip</name>
      <display_name>natural_gas_ip</display_name>
      <short_name>natural_gas_ip</short_name>
      <type>Double</type>
      <model_dependent>false</model_dependent>
    </output>
    <output>
      <name>additional_fuel_ip</name>
      <display_name>additional_fuel_ip</display_name>
      <short_name>additional_fuel_ip</short_name>
      <type>Double</type>
      <model_dependent>false</model_dependent>
    </output>
    <output>
      <name>district_heating_ip</name>
      <display_name>district_heating_ip</display_name>
      <short_name>district_heating_ip</short_name>
      <type>Double</type>
      <model_dependent>false</model_dependent>
    </output>
    <output>
      <name>district_cooling_ip</name>
      <display_name>district_cooling_ip</display_name>
      <short_name>district_cooling_ip</short_name>
      <type>Double</type>
      <model_dependent>false</model_dependent>
    </output>
    <output>
      <name>total_site_eui</name>
      <display_name>total_site_eui</display_name>
      <short_name>total_site_eui</short_name>
      <type>Double</type>
      <model_dependent>false</model_dependent>
    </output>
    <output>
      <name>eui</name>
      <display_name>eui</display_name>
      <short_name>eui</short_name>
      <type>Double</type>
      <model_dependent>false</model_dependent>
    </output>
    <output>
      <name>net_site_energy</name>
      <display_name>net_site_energy</display_name>
      <short_name>net_site_energy</short_name>
      <type>Double</type>
      <model_dependent>false</model_dependent>
    </output>
    <output>
      <name>annual_peak_electric_demand</name>
      <display_name>annual_peak_electric_demand</display_name>
      <short_name>annual_peak_electric_demand</short_name>
      <type>Double</type>
      <model_dependent>false</model_dependent>
    </output>
    <output>
      <name>unmet_hours_during_occupied_cooling</name>
      <display_name>unmet_hours_during_occupied_cooling</display_name>
      <short_name>unmet_hours_during_occupied_cooling</short_name>
      <type>Double</type>
      <model_dependent>false</model_dependent>
    </output>
    <output>
      <name>unmet_hours_during_occupied_heating</name>
      <display_name>unmet_hours_during_occupied_heating</display_name>
      <short_name>unmet_hours_during_occupied_heating</short_name>
      <type>Double</type>
      <model_dependent>false</model_dependent>
    </output>
    <output>
      <name>first_year_capital_cost</name>
      <display_name>first_year_capital_cost</display_name>
      <short_name>first_year_capital_cost</short_name>
      <type>Double</type>
      <model_dependent>false</model_dependent>
    </output>
    <output>
      <name>annual_utility_cost</name>
      <display_name>annual_utility_cost</display_name>
      <short_name>annual_utility_cost</short_name>
      <type>Double</type>
      <model_dependent>false</model_dependent>
    </output>
    <output>
      <name>total_lifecycle_cost</name>
      <display_name>total_lifecycle_cost</display_name>
      <short_name>total_lifecycle_cost</short_name>
      <type>Double</type>
      <model_dependent>false</model_dependent>
    </output>
    <output>
      <name>number_of_measures_with_warnings</name>
      <display_name>number_of_measures_with_warnings</display_name>
      <short_name>number_of_measures_with_warnings</short_name>
      <type>Double</type>
      <model_dependent>false</model_dependent>
    </output>
    <output>
      <name>number_warnings</name>
      <display_name>number_warnings</display_name>
      <short_name>number_warnings</short_name>
      <type>Double</type>
      <model_dependent>false</model_dependent>
    </output>
  </outputs>
  <provenances />
  <tags>
    <tag>Reporting.QAQC</tag>
  </tags>
  <attributes>
    <attribute>
      <name>Uses SketchUp API</name>
      <value>false</value>
      <datatype>boolean</datatype>
    </attribute>
    <attribute>
      <name>Measure Type</name>
      <value>ReportingMeasure</value>
      <datatype>string</datatype>
    </attribute>
    <attribute>
      <name>Intended Software Tool</name>
      <value>OpenStudio Application</value>
      <datatype>string</datatype>
    </attribute>
    <attribute>
      <name>Intended Software Tool</name>
      <value>Parametric Analysis Tool</value>
      <datatype>string</datatype>
    </attribute>
    <attribute>
      <name>Intended Software Tool</name>
      <value>Analysis Spreadsheet</value>
      <datatype>string</datatype>
    </attribute>
    <attribute>
      <name>Intended Use Case</name>
      <value>Automatic Report Generation</value>
      <datatype>string</datatype>
    </attribute>
  </attributes>
  <files>
    <file>
      <filename>USA_CO_Golden-NREL.724666_TMY3.epw</filename>
      <filetype>epw</filetype>
      <usage_type>test</usage_type>
      <checksum>BDF687C1</checksum>
    </file>
    <file>
      <filename>EmptyModel.osm</filename>
      <filetype>osm</filetype>
      <usage_type>test</usage_type>
      <checksum>A597C804</checksum>
    </file>
    <file>
      <filename>NoRunPeriod.osm</filename>
      <filetype>osm</filetype>
      <usage_type>test</usage_type>
      <checksum>32622D37</checksum>
    </file>
    <file>
      <filename>1004_SmallHotel_a.osm</filename>
      <filetype>osm</filetype>
      <usage_type>test</usage_type>
      <checksum>C62949E8</checksum>
    </file>
    <file>
      <filename>HeatingOnly.osm</filename>
      <filetype>osm</filetype>
      <usage_type>test</usage_type>
      <checksum>99A21A4F</checksum>
    </file>
    <file>
      <filename>EdgeCaseModel.osm</filename>
      <filetype>osm</filetype>
      <usage_type>test</usage_type>
      <checksum>4EEA709C</checksum>
    </file>
    <file>
      <filename>README.md.erb</filename>
      <filetype>erb</filetype>
      <usage_type>readmeerb</usage_type>
      <checksum>4F81E2EA</checksum>
    </file>
    <file>
      <filename>PeriodInConstName.osm</filename>
      <filetype>osm</filetype>
      <usage_type>test</usage_type>
      <checksum>E41FBCFF</checksum>
    </file>
    <file>
      <filename>add_tariff.osw</filename>
      <filetype>osw</filetype>
      <usage_type>test</usage_type>
      <checksum>BF680A60</checksum>
    </file>
    <file>
      <filename>os_results.osw</filename>
      <filetype>osw</filetype>
      <usage_type>test</usage_type>
      <checksum>8BE06CC3</checksum>
    </file>
    <file>
      <filename>ExampleModel.osm</filename>
      <filetype>osm</filetype>
      <usage_type>test</usage_type>
      <checksum>42C65747</checksum>
    </file>
    <file>
      <filename>PeriodInConstName.osm</filename>
      <filetype>osm</filetype>
      <usage_type>test</usage_type>
      <checksum>E41FBCFF</checksum>
    </file>
    <file>
      <filename>add_tariff.osw</filename>
      <filetype>osw</filetype>
      <usage_type>test</usage_type>
      <checksum>BF680A60</checksum>
    </file>
    <file>
      <filename>os_results.osw</filename>
      <filetype>osw</filetype>
      <usage_type>test</usage_type>
      <checksum>8BE06CC3</checksum>
    </file>
    <file>
      <filename>ExampleModel.osm</filename>
      <filetype>osm</filetype>
      <usage_type>test</usage_type>
      <checksum>42C65747</checksum>
    </file>
    <file>
      <filename>README.md</filename>
      <filetype>md</filetype>
      <usage_type>readme</usage_type>
      <checksum>42709140</checksum>
    </file>
    <file>
      <filename>LICENSE.md</filename>
      <filetype>md</filetype>
      <usage_type>license</usage_type>
      <checksum>64FFEBDE</checksum>
    </file>
    <file>
      <filename>Siz.AirConditionerVariableRefrigerantFlow.rb</filename>
      <filetype>rb</filetype>
      <usage_type>resource</usage_type>
      <checksum>8F15E0FB</checksum>
    </file>
    <file>
      <filename>Siz.AirLoopHVACUnitaryHeatCoolVAVChangeoverBypass.rb</filename>
      <filetype>rb</filetype>
      <usage_type>resource</usage_type>
      <checksum>3A90053F</checksum>
    </file>
    <file>
      <filename>Siz.AirLoopHVACUnitaryHeatPumpAirToAir.rb</filename>
      <filetype>rb</filetype>
      <usage_type>resource</usage_type>
      <checksum>1E69E4AA</checksum>
    </file>
    <file>
      <filename>Siz.AirLoopHVACUnitaryHeatPumpAirToAirMultiSpeed.rb</filename>
      <filetype>rb</filetype>
      <usage_type>resource</usage_type>
      <checksum>06650BF9</checksum>
    </file>
    <file>
      <filename>Siz.AirLoopHVACUnitarySystem.rb</filename>
      <filetype>rb</filetype>
      <usage_type>resource</usage_type>
      <checksum>5A65EA8A</checksum>
    </file>
    <file>
      <filename>Siz.AirTerminalSingleDuctConstantVolumeFourPipeInduction.rb</filename>
      <filetype>rb</filetype>
      <usage_type>resource</usage_type>
      <checksum>97ADB8DA</checksum>
    </file>
    <file>
      <filename>Siz.AirTerminalSingleDuctConstantVolumeReheat.rb</filename>
      <filetype>rb</filetype>
      <usage_type>resource</usage_type>
      <checksum>17F9867E</checksum>
    </file>
    <file>
      <filename>Siz.AirTerminalSingleDuctParallelPIUReheat.rb</filename>
      <filetype>rb</filetype>
      <usage_type>resource</usage_type>
      <checksum>5EEE7300</checksum>
    </file>
    <file>
      <filename>Siz.AirTerminalSingleDuctSeriesPIUReheat.rb</filename>
      <filetype>rb</filetype>
      <usage_type>resource</usage_type>
      <checksum>91033681</checksum>
    </file>
    <file>
      <filename>Siz.AirTerminalSingleDuctVAVHeatAndCoolReheat.rb</filename>
      <filetype>rb</filetype>
      <usage_type>resource</usage_type>
      <checksum>C8BCAB48</checksum>
    </file>
    <file>
      <filename>Siz.AirTerminalSingleDuctVAVReheat.rb</filename>
      <filetype>rb</filetype>
      <usage_type>resource</usage_type>
      <checksum>18667C14</checksum>
    </file>
    <file>
      <filename>Siz.BoilerHotWater.rb</filename>
      <filetype>rb</filetype>
      <usage_type>resource</usage_type>
      <checksum>BB8830A0</checksum>
    </file>
    <file>
      <filename>Siz.BoilerSteam.rb</filename>
      <filetype>rb</filetype>
      <usage_type>resource</usage_type>
      <checksum>7483D4B1</checksum>
    </file>
    <file>
      <filename>Siz.CoilCoolingDXMultiSpeedStageData.rb</filename>
      <filetype>rb</filetype>
      <usage_type>resource</usage_type>
      <checksum>DD462475</checksum>
    </file>
    <file>
      <filename>Siz.CoilCoolingDXSingleSpeed.rb</filename>
      <filetype>rb</filetype>
      <usage_type>resource</usage_type>
      <checksum>7B56A163</checksum>
    </file>
    <file>
      <filename>Siz.CoilCoolingDXTwoSpeed.rb</filename>
      <filetype>rb</filetype>
      <usage_type>resource</usage_type>
      <checksum>50021360</checksum>
    </file>
    <file>
      <filename>Siz.CoilCoolingDXVariableSpeedSpeedData.rb</filename>
      <filetype>rb</filetype>
      <usage_type>resource</usage_type>
      <checksum>A62291B9</checksum>
    </file>
    <file>
      <filename>Siz.CoilCoolingWaterToAirHeatPumpVariableSpeedEquationFitSpeedData.rb</filename>
      <filetype>rb</filetype>
      <usage_type>resource</usage_type>
      <checksum>D63A2009</checksum>
    </file>
    <file>
      <filename>Siz.CoilHeatingDesuperheater.rb</filename>
      <filetype>rb</filetype>
      <usage_type>resource</usage_type>
      <checksum>C0E0B563</checksum>
    </file>
    <file>
      <filename>Siz.CoilHeatingDXMultiSpeedStageData.rb</filename>
      <filetype>rb</filetype>
      <usage_type>resource</usage_type>
      <checksum>13AA34FD</checksum>
    </file>
    <file>
      <filename>Siz.CoilHeatingDXSingleSpeed.rb</filename>
      <filetype>rb</filetype>
      <usage_type>resource</usage_type>
      <checksum>1BC886DB</checksum>
    </file>
    <file>
      <filename>Siz.CoilHeatingDXVariableSpeedSpeedData.rb</filename>
      <filetype>rb</filetype>
      <usage_type>resource</usage_type>
      <checksum>C9C967AC</checksum>
    </file>
    <file>
      <filename>Siz.CoilHeatingElectric.rb</filename>
      <filetype>rb</filetype>
      <usage_type>resource</usage_type>
      <checksum>651A84E3</checksum>
    </file>
    <file>
      <filename>Siz.CoilHeatingGas.rb</filename>
      <filetype>rb</filetype>
      <usage_type>resource</usage_type>
      <checksum>13FB6268</checksum>
    </file>
    <file>
      <filename>Siz.CoilHeatingGasMultiStageStageData.rb</filename>
      <filetype>rb</filetype>
      <usage_type>resource</usage_type>
      <checksum>29F2D8F2</checksum>
    </file>
    <file>
      <filename>Siz.CoilHeatingLowTempRadiantVarFlow.rb</filename>
      <filetype>rb</filetype>
      <usage_type>resource</usage_type>
      <checksum>62B6B212</checksum>
    </file>
    <file>
      <filename>Siz.CoilHeatingWaterToAirHeatPumpVariableSpeedEquationFitSpeedData.rb</filename>
      <filetype>rb</filetype>
      <usage_type>resource</usage_type>
      <checksum>358C6672</checksum>
    </file>
    <file>
      <filename>Siz.CoilPerformanceDXCooling.rb</filename>
      <filetype>rb</filetype>
      <usage_type>resource</usage_type>
      <checksum>5108EA1C</checksum>
    </file>
    <file>
      <filename>Siz.CoilSystemCoolingDXHeatExchangerAssisted.rb</filename>
      <filetype>rb</filetype>
      <usage_type>resource</usage_type>
      <checksum>212B68AE</checksum>
    </file>
    <file>
      <filename>Siz.CoilSystemCoolingWaterHeatExchangerAssisted.rb</filename>
      <filetype>rb</filetype>
      <usage_type>resource</usage_type>
      <checksum>BE23B9DC</checksum>
    </file>
    <file>
      <filename>Siz.CoilWaterHeatingAirToWaterHeatPump.rb</filename>
      <filetype>rb</filetype>
      <usage_type>resource</usage_type>
      <checksum>7A960407</checksum>
    </file>
    <file>
      <filename>Siz.CoilWaterHeatingAirToWaterHeatPumpWrapped.rb</filename>
      <filetype>rb</filetype>
      <usage_type>resource</usage_type>
      <checksum>EF387C94</checksum>
    </file>
    <file>
      <filename>Siz.CoilWaterHeatingDesuperheater.rb</filename>
      <filetype>rb</filetype>
      <usage_type>resource</usage_type>
      <checksum>7FD7E4F3</checksum>
    </file>
    <file>
      <filename>Siz.ElectricLoadCenterInverterLookUpTable.rb</filename>
      <filetype>rb</filetype>
      <usage_type>resource</usage_type>
      <checksum>E0231FBA</checksum>
    </file>
    <file>
      <filename>Siz.ElectricLoadCenterInverterSimple.rb</filename>
      <filetype>rb</filetype>
      <usage_type>resource</usage_type>
      <checksum>2FCD054F</checksum>
    </file>
    <file>
      <filename>Siz.ElectricLoadCenterStorageConverter.rb</filename>
      <filetype>rb</filetype>
      <usage_type>resource</usage_type>
      <checksum>3CABFAD9</checksum>
    </file>
    <file>
      <filename>Siz.ElectricLoadCenterStorageSimple.rb</filename>
      <filetype>rb</filetype>
      <usage_type>resource</usage_type>
      <checksum>12F7B773</checksum>
    </file>
    <file>
      <filename>Siz.EvaporativeCoolerDirectResearchSpecial.rb</filename>
      <filetype>rb</filetype>
      <usage_type>resource</usage_type>
      <checksum>739BC466</checksum>
    </file>
    <file>
      <filename>Siz.EvaporativeCoolerIndirectResearchSpecial.rb</filename>
      <filetype>rb</filetype>
      <usage_type>resource</usage_type>
      <checksum>51B0B374</checksum>
    </file>
    <file>
      <filename>Siz.FanConstantVolume.rb</filename>
      <filetype>rb</filetype>
      <usage_type>resource</usage_type>
      <checksum>52AACFCF</checksum>
    </file>
    <file>
      <filename>Siz.FanOnOff.rb</filename>
      <filetype>rb</filetype>
      <usage_type>resource</usage_type>
      <checksum>589BE140</checksum>
    </file>
    <file>
      <filename>Siz.FanVariableVolume.rb</filename>
      <filetype>rb</filetype>
      <usage_type>resource</usage_type>
      <checksum>465EE25B</checksum>
    </file>
    <file>
      <filename>Siz.FanZoneExhaust.rb</filename>
      <filetype>rb</filetype>
      <usage_type>resource</usage_type>
      <checksum>842C269D</checksum>
    </file>
    <file>
      <filename>Siz.GeneratorFuelCellElectricalStorage.rb</filename>
      <filetype>rb</filetype>
      <usage_type>resource</usage_type>
      <checksum>C93FFB7A</checksum>
    </file>
    <file>
      <filename>Siz.GeneratorFuelCellInverter.rb</filename>
      <filetype>rb</filetype>
      <usage_type>resource</usage_type>
      <checksum>34D28897</checksum>
    </file>
    <file>
      <filename>Siz.GeneratorFuelCellPowerModule.rb</filename>
      <filetype>rb</filetype>
      <usage_type>resource</usage_type>
      <checksum>617A19E1</checksum>
    </file>
    <file>
      <filename>Siz.GeneratorMicroTurbine.rb</filename>
      <filetype>rb</filetype>
      <usage_type>resource</usage_type>
      <checksum>FCAEABC3</checksum>
    </file>
    <file>
      <filename>Siz.GeneratorMicroTurbineHeatRecovery.rb</filename>
      <filetype>rb</filetype>
      <usage_type>resource</usage_type>
      <checksum>ABF3A3BF</checksum>
    </file>
    <file>
      <filename>Siz.HeaderedPumpsConstantSpeed.rb</filename>
      <filetype>rb</filetype>
      <usage_type>resource</usage_type>
      <checksum>1986D4E5</checksum>
    </file>
    <file>
      <filename>Siz.HeaderedPumpsVariableSpeed.rb</filename>
      <filetype>rb</filetype>
      <usage_type>resource</usage_type>
      <checksum>558563DA</checksum>
    </file>
    <file>
      <filename>Siz.HeatExchangerAirToAirSensibleAndLatent.rb</filename>
      <filetype>rb</filetype>
      <usage_type>resource</usage_type>
      <checksum>880BD8B2</checksum>
    </file>
    <file>
      <filename>Siz.PhotovoltaicPerformanceSimple.rb</filename>
      <filetype>rb</filetype>
      <usage_type>resource</usage_type>
      <checksum>AE2B4782</checksum>
    </file>
    <file>
      <filename>Siz.PumpConstantSpeed.rb</filename>
      <filetype>rb</filetype>
      <usage_type>resource</usage_type>
      <checksum>7B2DFB36</checksum>
    </file>
    <file>
      <filename>Siz.PumpVariableSpeed.rb</filename>
      <filetype>rb</filetype>
      <usage_type>resource</usage_type>
      <checksum>72F840BE</checksum>
    </file>
    <file>
      <filename>Siz.RefrigerationSecondarySystem.rb</filename>
      <filetype>rb</filetype>
      <usage_type>resource</usage_type>
      <checksum>D2CF7267</checksum>
    </file>
    <file>
      <filename>Siz.RefrigerationSystem.rb</filename>
      <filetype>rb</filetype>
      <usage_type>resource</usage_type>
      <checksum>E21C97CC</checksum>
    </file>
    <file>
      <filename>Siz.RefrigerationTranscriticalSystem.rb</filename>
      <filetype>rb</filetype>
      <usage_type>resource</usage_type>
      <checksum>97F16067</checksum>
    </file>
    <file>
      <filename>Siz.SolarCollectorPerformancePhotovoltaicThermalSimple.rb</filename>
      <filetype>rb</filetype>
      <usage_type>resource</usage_type>
      <checksum>336A644D</checksum>
    </file>
    <file>
      <filename>Siz.ThermalStorageChilledWaterStratified.rb</filename>
      <filetype>rb</filetype>
      <usage_type>resource</usage_type>
      <checksum>48D11232</checksum>
    </file>
    <file>
      <filename>Siz.WaterHeaterHeatPump.rb</filename>
      <filetype>rb</filetype>
      <usage_type>resource</usage_type>
      <checksum>F69AB598</checksum>
    </file>
    <file>
      <filename>Siz.WaterHeaterHeatPumpWrappedCondenser.rb</filename>
      <filetype>rb</filetype>
      <usage_type>resource</usage_type>
      <checksum>00E2A503</checksum>
    </file>
    <file>
      <filename>Siz.WaterHeaterMixed.rb</filename>
      <filetype>rb</filetype>
      <usage_type>resource</usage_type>
      <checksum>D28FEBAE</checksum>
    </file>
    <file>
      <filename>Siz.WaterHeaterStratified.rb</filename>
      <filetype>rb</filetype>
      <usage_type>resource</usage_type>
      <checksum>24915B6E</checksum>
    </file>
    <file>
      <filename>Siz.ZoneHVACBaseboardConvectiveElectric.rb</filename>
      <filetype>rb</filetype>
      <usage_type>resource</usage_type>
      <checksum>5EFFE3FC</checksum>
    </file>
    <file>
      <filename>Siz.ZoneHVACBaseboardConvectiveWater.rb</filename>
      <filetype>rb</filetype>
      <usage_type>resource</usage_type>
      <checksum>EA7E7160</checksum>
    </file>
    <file>
      <filename>Siz.ZoneHVACBaseboardRadiantConvectiveElectric.rb</filename>
      <filetype>rb</filetype>
      <usage_type>resource</usage_type>
      <checksum>DFBADCD3</checksum>
    </file>
    <file>
      <filename>Siz.ZoneHVACBaseboardRadiantConvectiveWater.rb</filename>
      <filetype>rb</filetype>
      <usage_type>resource</usage_type>
      <checksum>30555B5C</checksum>
    </file>
    <file>
      <filename>Siz.ZoneHVACEnergyRecoveryVentilator.rb</filename>
      <filetype>rb</filetype>
      <usage_type>resource</usage_type>
      <checksum>BEFD4B4D</checksum>
    </file>
    <file>
      <filename>Siz.ZoneHVACFourPipeFanCoil.rb</filename>
      <filetype>rb</filetype>
      <usage_type>resource</usage_type>
      <checksum>28352C67</checksum>
    </file>
    <file>
      <filename>Siz.ZoneHVACHighTemperatureRadiant.rb</filename>
      <filetype>rb</filetype>
      <usage_type>resource</usage_type>
      <checksum>29C43598</checksum>
    </file>
    <file>
      <filename>Siz.ZoneHVACIdealLoadsAirSystem.rb</filename>
      <filetype>rb</filetype>
      <usage_type>resource</usage_type>
      <checksum>7DC555BA</checksum>
    </file>
    <file>
      <filename>Siz.ZoneHVACLowTempRadiantConstFlow.rb</filename>
      <filetype>rb</filetype>
      <usage_type>resource</usage_type>
      <checksum>3A059A49</checksum>
    </file>
    <file>
      <filename>Siz.ZoneHVACLowTempRadiantVarFlow.rb</filename>
      <filetype>rb</filetype>
      <usage_type>resource</usage_type>
      <checksum>3CB1B69A</checksum>
    </file>
    <file>
      <filename>Siz.ZoneHVACPackagedTerminalAirConditioner.rb</filename>
      <filetype>rb</filetype>
      <usage_type>resource</usage_type>
      <checksum>5A5A6CA1</checksum>
    </file>
    <file>
      <filename>Siz.ZoneHVACPackagedTerminalHeatPump.rb</filename>
      <filetype>rb</filetype>
      <usage_type>resource</usage_type>
      <checksum>B565090B</checksum>
    </file>
    <file>
      <filename>Siz.ZoneHVACUnitHeater.rb</filename>
      <filetype>rb</filetype>
      <usage_type>resource</usage_type>
      <checksum>8BA0D2CF</checksum>
    </file>
    <file>
      <filename>Siz.ZoneHVACUnitVentilator.rb</filename>
      <filetype>rb</filetype>
      <usage_type>resource</usage_type>
      <checksum>5809AF1B</checksum>
    </file>
    <file>
      <filename>Siz.ZoneHVACWaterToAirHeatPump.rb</filename>
      <filetype>rb</filetype>
      <usage_type>resource</usage_type>
      <checksum>0D043987</checksum>
    </file>
    <file>
      <filename>Siz.ZoneVentilationDesignFlowRate.rb</filename>
      <filetype>rb</filetype>
      <usage_type>resource</usage_type>
      <checksum>93B6F9FE</checksum>
    </file>
    <file>
      <filename>Siz.AirLoopHVAC.rb</filename>
      <filetype>rb</filetype>
      <usage_type>resource</usage_type>
      <checksum>7018E502</checksum>
    </file>
    <file>
      <filename>Siz.AirTerminalDualDuctVAV.rb</filename>
      <filetype>rb</filetype>
      <usage_type>resource</usage_type>
      <checksum>ECAC2C08</checksum>
    </file>
    <file>
      <filename>Siz.AirTerminalSingleDuctConstantVolumeCooledBeam.rb</filename>
      <filetype>rb</filetype>
      <usage_type>resource</usage_type>
      <checksum>42304A83</checksum>
    </file>
    <file>
      <filename>Siz.AirTerminalSingleDuctUncontrolled.rb</filename>
      <filetype>rb</filetype>
      <usage_type>resource</usage_type>
      <checksum>3E3EE28F</checksum>
    </file>
    <file>
      <filename>Siz.AirTerminalSingleDuctVAVHeatAndCoolNoReheat.rb</filename>
      <filetype>rb</filetype>
      <usage_type>resource</usage_type>
      <checksum>0A31EECC</checksum>
    </file>
    <file>
      <filename>Siz.AirTerminalSingleDuctVAVNoReheat.rb</filename>
      <filetype>rb</filetype>
      <usage_type>resource</usage_type>
      <checksum>DB77841C</checksum>
    </file>
    <file>
      <filename>Siz.ChillerAbsorption.rb</filename>
      <filetype>rb</filetype>
      <usage_type>resource</usage_type>
      <checksum>0517E189</checksum>
    </file>
    <file>
      <filename>Siz.ChillerAbsorptionIndirect.rb</filename>
      <filetype>rb</filetype>
      <usage_type>resource</usage_type>
      <checksum>F0A42836</checksum>
    </file>
    <file>
      <filename>Siz.CoilCoolingDXMultiSpeed.rb</filename>
      <filetype>rb</filetype>
      <usage_type>resource</usage_type>
      <checksum>46579E7E</checksum>
    </file>
    <file>
      <filename>Siz.CoilCoolingDXTwoStageWithHumidityControlMode.rb</filename>
      <filetype>rb</filetype>
      <usage_type>resource</usage_type>
      <checksum>709AE4D1</checksum>
    </file>
    <file>
      <filename>Siz.CoilCoolingDXVariableRefrigerantFlow.rb</filename>
      <filetype>rb</filetype>
      <usage_type>resource</usage_type>
      <checksum>3F33411D</checksum>
    </file>
    <file>
      <filename>Siz.CoilCoolingDXVariableSpeed.rb</filename>
      <filetype>rb</filetype>
      <usage_type>resource</usage_type>
      <checksum>8DB6F7AB</checksum>
    </file>
    <file>
      <filename>Siz.CoilCoolingLowTempRadiantVarFlow.rb</filename>
      <filetype>rb</filetype>
      <usage_type>resource</usage_type>
      <checksum>01B6BE41</checksum>
    </file>
    <file>
      <filename>Siz.CoilCoolingWater.rb</filename>
      <filetype>rb</filetype>
      <usage_type>resource</usage_type>
      <checksum>68E57698</checksum>
    </file>
    <file>
      <filename>Siz.CoilCoolingWaterToAirHeatPumpEquationFit.rb</filename>
      <filetype>rb</filetype>
      <usage_type>resource</usage_type>
      <checksum>D644D780</checksum>
    </file>
    <file>
      <filename>Siz.CoilCoolingWaterToAirHeatPumpVariableSpeedEquationFit.rb</filename>
      <filetype>rb</filetype>
      <usage_type>resource</usage_type>
      <checksum>841B73B8</checksum>
    </file>
    <file>
      <filename>Siz.CoilHeatingDXMultiSpeed.rb</filename>
      <filetype>rb</filetype>
      <usage_type>resource</usage_type>
      <checksum>BEC023BB</checksum>
    </file>
    <file>
      <filename>Siz.CoilHeatingDXVariableRefrigerantFlow.rb</filename>
      <filetype>rb</filetype>
      <usage_type>resource</usage_type>
      <checksum>F61469D7</checksum>
    </file>
    <file>
      <filename>Siz.CoilHeatingDXVariableSpeed.rb</filename>
      <filetype>rb</filetype>
      <usage_type>resource</usage_type>
      <checksum>CA54FA84</checksum>
    </file>
    <file>
      <filename>Siz.CoilHeatingGasMultiStage.rb</filename>
      <filetype>rb</filetype>
      <usage_type>resource</usage_type>
      <checksum>129C3F7B</checksum>
    </file>
    <file>
      <filename>Siz.CoilHeatingWater.rb</filename>
      <filetype>rb</filetype>
      <usage_type>resource</usage_type>
      <checksum>FE80CF58</checksum>
    </file>
    <file>
      <filename>Siz.CoilHeatingWaterBaseboard.rb</filename>
      <filetype>rb</filetype>
      <usage_type>resource</usage_type>
      <checksum>E9BF8EDD</checksum>
    </file>
    <file>
      <filename>Siz.CoilHeatingWaterBaseboardRadiant.rb</filename>
      <filetype>rb</filetype>
      <usage_type>resource</usage_type>
      <checksum>9FDF4F02</checksum>
    </file>
    <file>
      <filename>Siz.CoilHeatingWaterToAirHeatPumpEquationFit.rb</filename>
      <filetype>rb</filetype>
      <usage_type>resource</usage_type>
      <checksum>ABA668EF</checksum>
    </file>
    <file>
      <filename>Siz.CoilHeatingWaterToAirHeatPumpVariableSpeedEquationFit.rb</filename>
      <filetype>rb</filetype>
      <usage_type>resource</usage_type>
      <checksum>1394C9D5</checksum>
    </file>
    <file>
      <filename>Siz.ControllerOutdoorAir.rb</filename>
      <filetype>rb</filetype>
      <usage_type>resource</usage_type>
      <checksum>175F7A99</checksum>
    </file>
    <file>
      <filename>Siz.CoolingTowerSingleSpeed.rb</filename>
      <filetype>rb</filetype>
      <usage_type>resource</usage_type>
      <checksum>2EEF5F77</checksum>
    </file>
    <file>
      <filename>Siz.CoolingTowerTwoSpeed.rb</filename>
      <filetype>rb</filetype>
      <usage_type>resource</usage_type>
      <checksum>D0637DC6</checksum>
    </file>
    <file>
      <filename>Siz.CoolingTowerVariableSpeed.rb</filename>
      <filetype>rb</filetype>
      <usage_type>resource</usage_type>
      <checksum>FE4CE1D6</checksum>
    </file>
    <file>
      <filename>Siz.DistrictCooling.rb</filename>
      <filetype>rb</filetype>
      <usage_type>resource</usage_type>
      <checksum>1BD84B70</checksum>
    </file>
    <file>
      <filename>Siz.DistrictHeating.rb</filename>
      <filetype>rb</filetype>
      <usage_type>resource</usage_type>
      <checksum>5FC77969</checksum>
    </file>
    <file>
      <filename>Siz.EvaporativeFluidCoolerSingleSpeed.rb</filename>
      <filetype>rb</filetype>
      <usage_type>resource</usage_type>
      <checksum>35329C6F</checksum>
    </file>
    <file>
      <filename>Siz.EvaporativeFluidCoolerTwoSpeed.rb</filename>
      <filetype>rb</filetype>
      <usage_type>resource</usage_type>
      <checksum>6FD17B97</checksum>
    </file>
    <file>
      <filename>Siz.FluidCoolerSingleSpeed.rb</filename>
      <filetype>rb</filetype>
      <usage_type>resource</usage_type>
      <checksum>447B3212</checksum>
    </file>
    <file>
      <filename>Siz.FluidCoolerTwoSpeed.rb</filename>
      <filetype>rb</filetype>
      <usage_type>resource</usage_type>
      <checksum>3249871D</checksum>
    </file>
    <file>
      <filename>Siz.HeatExchangerFluidToFluid.rb</filename>
      <filetype>rb</filetype>
      <usage_type>resource</usage_type>
      <checksum>58D1473A</checksum>
    </file>
    <file>
      <filename>Siz.HeatPumpWaterToWaterEquationFitCooling.rb</filename>
      <filetype>rb</filetype>
      <usage_type>resource</usage_type>
      <checksum>C18098A2</checksum>
    </file>
    <file>
      <filename>Siz.HeatPumpWaterToWaterEquationFitHeating.rb</filename>
      <filetype>rb</filetype>
      <usage_type>resource</usage_type>
      <checksum>3701F091</checksum>
    </file>
    <file>
      <filename>Siz.ModelObject.rb</filename>
      <filetype>rb</filetype>
      <usage_type>resource</usage_type>
      <checksum>7ACE06DB</checksum>
    </file>
    <file>
      <filename>Siz.PlantComponentTemperatureSource.rb</filename>
      <filetype>rb</filetype>
      <usage_type>resource</usage_type>
      <checksum>DFFC48AD</checksum>
    </file>
    <file>
      <filename>Siz.PlantLoop.rb</filename>
      <filetype>rb</filetype>
      <usage_type>resource</usage_type>
      <checksum>C691CE7C</checksum>
    </file>
    <file>
      <filename>Siz.SizingSystem.rb</filename>
      <filetype>rb</filetype>
      <usage_type>resource</usage_type>
      <checksum>FDC976CF</checksum>
    </file>
    <file>
      <filename>Siz.SolarCollectorFlatPlatePhotovoltaicThermal.rb</filename>
      <filetype>rb</filetype>
      <usage_type>resource</usage_type>
      <checksum>C7E7B271</checksum>
    </file>
    <file>
      <filename>Siz.ZoneHVACTerminalUnitVariableRefrigerantFlow.rb</filename>
      <filetype>rb</filetype>
      <usage_type>resource</usage_type>
      <checksum>8D2E0646</checksum>
    </file>
    <file>
      <filename>Siz.HumidifierSteamElectric.rb</filename>
      <filetype>rb</filetype>
      <usage_type>resource</usage_type>
      <checksum>BB79B1C7</checksum>
    </file>
    <file>
      <filename>Siz.HVACComponent.rb</filename>
      <filetype>rb</filetype>
      <usage_type>resource</usage_type>
      <checksum>0B4095E8</checksum>
    </file>
    <file>
      <filename>Siz.Model.rb</filename>
      <filetype>rb</filetype>
      <usage_type>resource</usage_type>
      <checksum>64A1A098</checksum>
    </file>
    <file>
      <filename>Siz.ChillerElectricEIR.rb</filename>
      <filetype>rb</filetype>
      <usage_type>resource</usage_type>
      <checksum>E31CD3D1</checksum>
    </file>
    <file>
      <filename>Siz.ChillerHeaterPerformanceElectricEIR.rb</filename>
      <filetype>rb</filetype>
      <usage_type>resource</usage_type>
      <checksum>CD3FF4FB</checksum>
    </file>
    <file>
      <filename>OpenStudioResults_Test.rb</filename>
      <filetype>rb</filetype>
      <usage_type>test</usage_type>
      <checksum>EB042E51</checksum>
    </file>
    <file>
      <filename>os_lib_reporting.rb</filename>
      <filetype>rb</filetype>
      <usage_type>resource</usage_type>
      <checksum>B094F9F8</checksum>
    </file>
    <file>
      <version>
        <software_program>OpenStudio</software_program>
        <identifier>2.0.0</identifier>
        <min_compatible>3.1.0</min_compatible>
      </version>
      <filename>measure.rb</filename>
      <filetype>rb</filetype>
      <usage_type>script</usage_type>
      <checksum>5CBBD94D</checksum>
    </file>
    <file>
      <filename>report.html.erb</filename>
      <filetype>erb</filetype>
      <usage_type>resource</usage_type>
      <checksum>049695A2</checksum>
    </file>
  </files>
</measure>
